,City,Country,Lat,Lng,Max Temp,Humidity,Cloudiness,Wind Speed,Current Description
0,Nikolskoye,RU,59.7035,30.7861,48.87,77,98,4.76,overcast clouds
1,Kaitangata,NZ,-46.2817,169.8464,45.66,67,75,12.46,light rain
2,Kununurra,AU,-15.7667,128.7333,96.78,23,1,9.22,clear sky
3,Aleksandrov Gay,RU,50.147,48.5704,56.79,39,43,9.01,scattered clouds
4,Bredasdorp,ZA,-34.5322,20.0403,45.21,85,27,6.91,scattered clouds
5,Qaanaaq,GL,77.484,-69.3632,39.06,81,98,8.52,overcast clouds
6,Ushuaia,AR,-54.8,-68.3,33.46,80,100,14.97,light snow
7,Maldonado,UY,-34.6667,-54.9167,49.39,74,0,5.75,clear sky
8,Arraial Do Cabo,BR,-22.9661,-42.0278,66.25,65,88,11.99,overcast clouds
9,Vaini,TO,-21.2,-175.2,77.16,88,75,10.36,broken clouds
10,Mahebourg,MU,-20.4081,57.7,73.26,64,16,19.75,few clouds
11,Xinxiang,CN,35.3089,113.8672,96.91,13,0,5.23,clear sky
12,Rikitea,PF,-23.1203,-134.9692,72.39,69,85,20.56,light rain
13,Dikson,RU,73.5069,80.5464,35.76,78,100,23.82,overcast clouds
14,Udachnyy,RU,66.4167,112.4,43.45,86,100,6.44,overcast clouds
15,Albany,US,42.6001,-73.9662,65.37,95,100,2.08,light rain
16,Kysyl-Syr,RU,63.8986,122.7617,52.0,76,100,9.69,light rain
17,Ribeira Grande,PT,38.5167,-28.7,74.79,86,90,8.88,light rain
18,Verkhoyansk,RU,67.5447,133.385,56.91,37,96,13.98,overcast clouds
19,Atuona,PF,-9.8,-139.0333,76.69,71,0,19.71,clear sky
20,Marawi,PH,7.9986,124.2928,76.69,81,96,1.14,overcast clouds
21,Peace River,CA,56.2501,-117.286,57.51,54,75,6.91,broken clouds
22,Rajur,IN,20.1167,78.9167,84.92,71,9,4.79,clear sky
23,Alta Gracia,AR,-31.6529,-64.4283,43.57,34,0,4.34,clear sky
24,Taltal,CL,-25.4,-70.4833,60.71,58,9,2.57,clear sky
25,Ambilobe,MG,-13.2,49.05,78.19,47,4,7.43,clear sky
26,Saskylakh,RU,71.9167,114.0833,46.44,68,100,14.85,overcast clouds
27,Chatellerault,FR,46.8,0.5333,59.72,1,45,1.03,scattered clouds
28,Severo-Kurilsk,RU,50.6789,156.125,55.81,88,94,7.99,overcast clouds
29,Puerto Ayora,EC,-0.7393,-90.3518,67.55,98,93,3.0,overcast clouds
30,Aklavik,CA,68.2191,-135.0107,38.5,77,95,12.59,overcast clouds
31,Port Elizabeth,ZA,-33.918,25.5701,57.31,64,40,16.11,scattered clouds
32,Yellowknife,CA,62.456,-114.3525,52.32,76,100,17.27,light rain
33,Bluff,NZ,-46.6,168.3333,41.81,74,100,21.43,overcast clouds
34,Sao Filipe,CV,14.8961,-24.4956,79.65,79,100,2.06,overcast clouds
35,Guerrero Negro,MX,27.9769,-114.0611,75.33,88,11,14.36,few clouds
36,Labuhan,ID,-6.8844,112.2051,85.95,61,35,9.57,scattered clouds
37,Odweyne,SO,9.4092,45.064,76.6,49,28,22.44,scattered clouds
38,Hofn,IS,64.2539,-15.2082,51.89,82,11,9.57,few clouds
39,Hobart,AU,-42.8794,147.3294,53.26,72,20,11.5,few clouds
40,Port Alfred,ZA,-33.5906,26.891,55.18,64,26,5.99,scattered clouds
41,Punta Arenas,CL,-53.15,-70.9167,33.91,86,20,19.57,few clouds
42,Chivay,PE,-15.6383,-71.6011,41.99,35,0,0.36,clear sky
43,Saldanha,ZA,-33.0117,17.9442,46.45,80,7,5.44,clear sky
44,Muros,ES,42.7762,-9.0603,66.83,82,15,13.8,few clouds
45,Havre-Saint-Pierre,CA,50.2334,-63.5986,46.4,93,0,6.91,clear sky
46,Delano,US,35.7688,-119.247,95.58,47,0,3.44,clear sky
47,Galanta,SK,48.19,17.7275,64.98,75,28,6.33,scattered clouds
48,Barrow,US,71.2906,-156.7887,37.42,87,40,13.8,scattered clouds
49,Palmer,US,42.1584,-72.3287,65.25,84,100,3.44,heavy intensity rain
50,Kodiak,US,57.79,-152.4072,56.71,82,100,4.61,overcast clouds
51,Victoria,HK,22.2855,114.1577,95.05,74,66,9.71,broken clouds
52,Hasaki,JP,35.7333,140.8333,86.4,78,80,17.05,broken clouds
53,Mar Del Plata,AR,-38.0023,-57.5575,54.09,58,0,11.5,clear sky
54,Butaritari,KI,3.0707,172.7902,82.42,76,72,18.68,broken clouds
55,Bethel,US,41.3712,-73.414,72.55,90,100,0.0,overcast clouds
56,Soyo,AO,-6.1349,12.3689,72.28,88,66,7.34,broken clouds
57,Mataura,NZ,-46.1927,168.8643,41.49,88,96,7.65,overcast clouds
58,Avarua,CK,-21.2078,-159.775,75.25,88,100,8.05,overcast clouds
59,Clyde River,CA,70.4692,-68.5914,37.63,100,100,5.75,overcast clouds
60,Avera,US,33.194,-82.5271,74.71,88,99,4.16,overcast clouds
61,Xinzhou,CN,38.4092,112.7333,75.52,23,0,4.61,clear sky
62,Dryden,CA,49.7833,-92.7503,61.09,77,0,9.22,clear sky
63,Saint-Philippe,RE,-21.3585,55.7679,73.22,71,37,12.88,scattered clouds
64,Georgetown,MY,5.4112,100.3354,89.89,72,20,5.75,few clouds
65,Hilo,US,19.7297,-155.09,78.28,95,100,6.91,moderate rain
66,Hermanus,ZA,-34.4187,19.2345,47.8,79,22,6.04,few clouds
67,Busselton,AU,-33.65,115.3333,55.78,72,82,7.45,light rain
68,Esperance,AU,-33.8667,121.9,57.45,77,67,14.25,broken clouds
69,Roald,NO,62.5833,6.1333,56.34,93,0,8.05,clear sky
70,Carnarvon,AU,-24.8667,113.6333,65.19,58,85,13.27,overcast clouds
71,Mocuba,MZ,-16.8392,36.9856,72.12,53,0,4.9,clear sky
72,Waipawa,NZ,-41.4122,175.5153,41.65,63,84,6.78,broken clouds
73,Bell Ville,AR,-32.6259,-62.6887,47.77,60,0,8.28,clear sky
74,Arandis,NA,-22.4167,14.9667,55.96,42,0,2.35,clear sky
75,Khatanga,RU,71.9667,102.5,42.4,91,100,9.57,light rain
76,Thompson,CA,55.7435,-97.8558,69.96,68,0,5.75,clear sky
77,Cabo San Lucas,MX,22.8909,-109.9124,84.61,87,100,6.02,overcast clouds
78,Ilulissat,GL,69.2167,-51.1,41.02,87,100,5.75,light intensity shower rain
79,Bonavista,CA,48.6499,-53.1147,58.5,91,100,12.03,overcast clouds
80,Prince Rupert,CA,54.3161,-130.3201,56.89,82,75,14.97,broken clouds
81,Caravelas,BR,-17.7125,-39.2481,69.1,80,100,10.94,overcast clouds
82,Nome,US,64.5011,-165.4064,50.07,87,100,10.36,overcast clouds
83,Iqaluit,CA,63.7506,-68.5145,38.93,86,100,2.3,overcast clouds
84,Sosnogorsk,RU,63.6023,53.8817,47.08,73,100,6.04,overcast clouds
85,Balfour,ZA,-26.6633,28.5902,48.58,35,99,2.95,overcast clouds
86,Upington,ZA,-28.4478,21.2561,37.78,75,0,3.44,clear sky
87,Sistranda,NO,63.7256,8.834,49.96,72,8,7.34,clear sky
88,Kayerkan,RU,69.3497,87.7602,35.53,100,100,10.09,light rain
89,Lagoa,PT,39.05,-27.9833,72.9,85,99,9.22,overcast clouds
90,Chokurdakh,RU,70.6333,147.9167,54.18,40,65,7.45,broken clouds
91,Darhan,MN,49.4867,105.9228,69.87,42,22,8.37,few clouds
92,Talnakh,RU,69.4865,88.3972,36.21,98,100,10.29,light rain
93,Vao,NC,-22.6667,167.4833,67.66,60,100,8.48,overcast clouds
94,Shingu,JP,33.7333,135.9833,81.21,91,100,11.14,overcast clouds
95,Norman Wells,CA,65.282,-126.8329,42.84,93,100,14.97,light rain
96,Ponta Delgada,PT,37.7333,-25.6667,75.51,94,75,5.75,light intensity shower rain
97,Kavaratti,IN,10.5669,72.642,76.48,91,100,19.91,moderate rain
98,Colesberg,ZA,-30.72,25.0972,46.54,35,0,2.21,clear sky
99,Pandan,PH,14.0453,124.1694,84.42,77,39,3.71,scattered clouds
100,Gazanjyk,TM,39.2446,55.5154,88.68,37,0,13.02,clear sky
101,Atar,MR,20.5169,-13.0499,90.9,36,30,4.52,scattered clouds
102,Sao Joao Da Barra,BR,-21.6403,-41.0511,66.9,66,100,7.4,overcast clouds
103,Santa Pola,ES,38.1917,-0.5658,77.2,71,0,0.0,clear sky
104,Petropavlovsk-Kamchatskiy,RU,53.0452,158.6483,64.99,63,75,8.95,broken clouds
105,Tuktoyaktuk,CA,69.4541,-133.0374,39.2,87,100,20.71,overcast clouds
106,Lebu,CL,-37.6167,-73.65,48.11,64,85,2.62,overcast clouds
107,Araouane,ML,18.9048,-3.5265,94.42,19,16,5.91,few clouds
108,Sisimiut,GL,66.9395,-53.6735,40.28,88,100,16.02,overcast clouds
109,Rongcheng,CN,30.634,117.8517,94.48,31,27,2.17,scattered clouds
110,Kruisfontein,ZA,-34.0033,24.7314,53.89,59,57,13.24,broken clouds
111,Rosario Oeste,BR,-14.8361,-56.4275,77.99,41,44,6.64,scattered clouds
112,Huarmey,PE,-10.0681,-78.1522,60.78,85,13,7.07,few clouds
113,Genhe,CN,50.7833,121.5167,58.96,35,34,6.22,scattered clouds
114,Gwanda,ZW,-20.9333,29.0,71.2,19,53,7.99,broken clouds
115,Lensk,RU,60.7253,114.9278,49.5,81,74,11.41,light rain
116,Bridlington,GB,54.0831,-0.1919,60.53,96,79,7.83,broken clouds
117,Ponta Do Sol,PT,32.6667,-17.1,69.71,70,0,2.39,clear sky
118,Port Hawkesbury,CA,45.6169,-61.3485,62.19,93,75,4.61,broken clouds
119,Kaeo,NZ,-35.1,173.7833,57.33,53,38,5.7,scattered clouds
120,Rovaniemi,FI,66.5,25.7167,45.81,81,20,8.05,few clouds
121,Omboue,GA,-1.5746,9.2618,74.66,84,30,5.55,scattered clouds
122,Faanui,PF,-16.4833,-151.75,77.83,78,12,18.16,light rain
123,Castro,BR,-24.7911,-50.0119,48.2,98,83,5.01,broken clouds
124,La Ronge,CA,55.1001,-105.2842,55.65,82,20,6.91,smoke
125,Milton,US,34.1322,-84.3007,73.29,96,57,3.33,broken clouds
126,Flin Flon,CA,54.7682,-101.865,59.32,83,82,18.34,broken clouds
127,Dunedin,NZ,-45.8742,170.5036,44.8,68,82,5.99,broken clouds
128,Luderitz,NA,-26.6481,15.1594,57.13,51,0,11.03,clear sky
129,Kangaatsiaq,GL,68.3065,-53.4641,39.97,88,100,19.55,overcast clouds
130,Upernavik,GL,72.7868,-56.1549,40.66,85,97,24.34,overcast clouds
131,Xiaoweizhai,CN,26.1903,107.5125,87.84,25,15,8.39,few clouds
132,Colares,PT,38.7992,-9.4469,69.8,78,23,13.0,few clouds
133,Banting,MY,2.8167,101.5,89.74,62,73,6.17,broken clouds
134,Aswan,EG,24.0934,32.907,83.5,36,0,3.44,clear sky
135,Jalu,LY,29.0331,21.5482,79.09,61,0,11.88,clear sky
136,Yumen,CN,40.2833,97.2,84.58,9,0,18.3,clear sky
137,Pangnirtung,CA,66.1451,-65.7125,36.88,98,100,3.91,overcast clouds
138,Longyearbyen,SJ,78.2186,15.6401,39.04,87,75,9.22,broken clouds
139,Chapais,CA,49.7834,-74.8492,46.18,66,2,2.55,clear sky
140,Airai,TL,-8.9266,125.4092,76.51,43,38,2.37,scattered clouds
141,Ossett,GB,53.6798,-1.5801,60.28,94,92,3.62,overcast clouds
142,Goure,NE,13.9835,10.2704,73.02,69,84,7.49,broken clouds
143,Batticaloa,LK,7.7102,81.6924,82.08,71,100,2.44,overcast clouds
144,Auki,SB,-8.7676,160.7034,84.09,69,50,3.33,scattered clouds
145,Katubao,PH,5.8892,124.8294,87.78,75,92,3.09,overcast clouds
146,Bilibino,RU,68.0546,166.4372,37.74,81,100,3.83,overcast clouds
147,Yulara,AU,-25.2406,130.9889,76.82,30,93,26.24,overcast clouds
148,Jamestown,US,42.097,-79.2353,67.51,72,100,8.05,overcast clouds
149,Stepnyak,KZ,52.8339,70.7803,73.31,44,100,10.04,overcast clouds
150,Tasiilaq,GL,65.6145,-37.6368,39.36,93,97,6.8,overcast clouds
151,Baykit,RU,61.67,96.37,47.55,84,99,8.25,light rain
152,Redlands,US,34.0556,-117.1825,92.07,43,0,3.44,clear sky
153,Aromashevo,RU,56.8602,68.6375,52.92,56,94,8.75,overcast clouds
154,Deputatskiy,RU,69.3,139.9,53.02,35,49,6.29,scattered clouds
155,Eyl,SO,7.9803,49.8164,83.73,51,4,28.48,clear sky
156,Hithadhoo,MV,-0.6,73.0833,81.73,71,79,15.84,broken clouds
157,Tuatapere,NZ,-46.1333,167.6833,43.16,80,96,6.85,overcast clouds
158,Lorengau,PG,-2.0226,147.2712,84.65,67,51,9.71,broken clouds
159,Bengkulu,ID,-3.8004,102.2655,83.52,68,95,5.64,overcast clouds
160,Jumla,NP,29.2747,82.1838,75.02,51,7,6.42,clear sky
161,Huilong,CN,31.8111,121.655,82.85,59,13,2.26,few clouds
162,Denpasar,ID,-8.65,115.2167,85.66,74,20,12.66,few clouds
163,Kinangan,PH,6.3014,125.585,82.29,71,91,4.29,overcast clouds
164,San Pedro,PH,14.35,121.0167,94.23,62,40,5.75,scattered clouds
165,Sterling Heights,US,42.5803,-83.0302,69.89,86,100,8.05,overcast clouds
166,Mumbwa,ZM,-14.9783,27.0619,72.0,25,12,6.62,few clouds
167,Vila Franca Do Campo,PT,37.7167,-25.4333,75.2,88,53,3.78,broken clouds
168,Torbay,CA,47.6666,-52.7314,59.4,95,100,11.99,light intensity shower rain
169,Lasa,IT,46.6166,10.7002,61.68,77,14,1.43,few clouds
170,Tiksi,RU,71.6872,128.8694,48.83,52,68,12.86,broken clouds
171,Port Lincoln,AU,-34.7333,135.8667,58.75,64,2,13.98,clear sky
172,Kapaa,US,22.0752,-159.319,82.38,77,40,14.97,scattered clouds
173,Bosaso,SO,11.2842,49.1816,93.18,38,0,28.77,clear sky
174,Cidreira,BR,-30.1811,-50.2056,60.28,86,98,17.36,overcast clouds
175,Vardo,NO,70.3705,31.1107,44.58,70,100,20.71,overcast clouds
176,Roma,US,43.2128,-75.4557,66.72,97,100,5.75,overcast clouds
177,Kamyaran,IR,34.7956,46.9355,85.12,13,0,1.88,clear sky
178,Tombouctou,ML,20.0,-3.0,94.5,19,19,8.03,few clouds
179,New Norfolk,AU,-42.7826,147.0587,52.72,58,62,3.6,broken clouds
180,Nouadhibou,MR,20.931,-17.0347,75.18,78,1,10.36,clear sky
181,Bambous Virieux,MU,-20.3428,57.7575,73.22,60,15,18.21,few clouds
182,Maarianhamina,AX,60.0973,19.9348,44.46,100,0,1.14,clear sky
183,Kahului,US,20.8947,-156.47,80.62,80,40,13.8,scattered clouds
184,Ahuimanu,US,21.4447,-157.8378,80.31,78,75,13.8,light rain
185,Krasnoselkup,RU,65.7,82.4667,44.26,74,100,14.85,overcast clouds
186,Idrinskoye,RU,54.3708,92.1358,68.04,49,93,4.09,overcast clouds
187,Nelson Bay,AU,-32.7167,152.15,62.01,79,72,5.99,broken clouds
188,Saint Anthony,US,45.0205,-93.218,65.12,75,0,8.05,clear sky
189,Nipawin,CA,53.3668,-104.0009,60.84,67,25,18.41,scattered clouds
190,San Patricio,US,28.017,-97.5169,82.83,86,100,4.5,overcast clouds
191,Dakar,SN,14.6937,-17.4441,78.93,89,20,4.61,few clouds
192,Malazgirt,TR,39.1427,42.5401,68.56,49,0,4.74,clear sky
193,Popondetta,PG,-8.7537,148.2534,86.22,60,41,6.64,scattered clouds
194,Mayo,US,38.8876,-76.5119,77.04,85,100,1.99,overcast clouds
195,Port-Gentil,GA,-0.7193,8.7815,75.16,88,40,3.44,scattered clouds
196,Padang,ID,-0.9492,100.3543,86.05,73,61,5.53,light rain
197,Nanortalik,GL,60.1432,-45.2371,43.47,96,100,9.55,overcast clouds
198,Caconda,AO,-13.7333,15.0667,61.72,55,19,2.24,few clouds
199,Murmashi,RU,68.8154,32.8115,43.21,100,75,7.0,broken clouds
200,Zonguldak,TR,41.25,31.8333,56.8,84,99,2.15,overcast clouds
201,Pacific Grove,US,36.6177,-121.9166,76.55,82,0,1.99,clear sky
202,Qaqortoq,GL,60.7167,-46.0333,45.43,93,100,6.24,overcast clouds
203,Yarada,IN,17.65,83.2667,91.72,62,40,10.36,scattered clouds
204,Soloneshnoye,RU,51.6544,84.3197,85.89,25,98,4.7,overcast clouds
205,Dalvik,IS,65.9702,-18.5286,39.13,84,100,1.32,overcast clouds
206,High Level,CA,58.5169,-117.136,50.11,93,0,5.75,clear sky
207,Richards Bay,ZA,-28.783,32.0377,68.2,58,100,9.48,overcast clouds
208,Cape Town,ZA,-33.9258,18.4232,52.21,79,75,2.3,broken clouds
209,Souillac,MU,-20.5167,57.5167,71.22,61,18,18.54,few clouds
210,Cabatuan,PH,10.8794,122.486,83.01,78,100,10.49,overcast clouds
211,Broome,US,42.2506,-75.833,68.63,98,100,0.0,moderate rain
212,Zunyi,CN,27.6867,106.9072,85.08,37,19,3.47,few clouds
213,Chuy,UY,-33.6971,-53.4616,48.74,94,5,5.77,clear sky
214,Kidal,ML,18.4411,1.4078,87.73,31,3,7.34,clear sky
215,Sakakah,SA,29.9697,40.2064,85.57,15,0,5.57,clear sky
216,Balkhash,KZ,46.844,74.9804,86.61,20,0,4.47,clear sky
217,Mainaguri,IN,26.5667,88.8167,82.53,83,96,4.61,overcast clouds
218,San Francisco,US,37.7749,-122.4194,95.31,71,20,8.01,few clouds
219,Half Moon Bay,US,37.4636,-122.4286,89.29,71,20,4.61,mist
220,Provideniya,RU,64.3833,-173.3,46.51,100,100,4.47,light intensity shower rain
221,Vestmannaeyjar,IS,63.4427,-20.2734,52.97,76,95,4.0,overcast clouds
222,Faya,SA,18.3851,42.4509,72.12,33,2,6.33,clear sky
223,Maragogi,BR,-9.0122,-35.2225,72.1,90,46,8.88,scattered clouds
224,Chongwe,ZM,-15.3292,28.682,72.21,29,0,6.8,clear sky
225,Dhidhdhoo,MV,6.8833,73.1,79.97,79,100,19.86,moderate rain
226,Wattegama,LK,6.7989,81.4808,87.64,55,98,11.52,moderate rain
227,Ornskoldsvik,SE,63.2909,18.7153,43.75,87,0,8.05,clear sky
228,Dwarka,IN,22.2394,68.9678,82.36,68,100,9.24,overcast clouds
229,La Libertad,EC,-2.2333,-80.9,68.09,85,99,6.29,overcast clouds
230,Belomorsk,RU,64.5232,34.7668,46.18,90,100,7.87,light rain
231,Klaksvik,FO,62.2266,-6.589,56.32,98,96,22.41,overcast clouds
232,Hokitika,NZ,-42.7167,170.9667,41.54,67,0,1.97,clear sky
233,Namatanai,PG,-3.6667,152.4333,83.88,70,97,11.45,overcast clouds
234,Sitka,US,57.0531,-135.33,53.49,82,0,5.75,clear sky
235,Sambava,MG,-14.2667,50.1667,73.71,77,70,13.76,light rain
236,Yerbogachen,RU,61.2767,108.0108,46.26,76,100,13.42,light rain
237,Vila Velha,BR,-20.3297,-40.2925,66.94,83,75,4.61,broken clouds
238,Neath,GB,51.6632,-3.8044,61.86,86,63,3.0,broken clouds
239,Inirida,CO,3.8653,-67.9239,71.29,100,100,2.46,moderate rain
240,Edgewater,US,28.9889,-80.9023,81.09,81,81,3.71,broken clouds
241,Ahipara,NZ,-35.1667,173.1667,51.12,68,32,7.2,scattered clouds
242,Pozo Colorado,PY,-23.4923,-58.7972,54.3,95,31,2.77,scattered clouds
243,Monopoli,IT,40.9559,17.2896,71.73,67,0,8.97,clear sky
244,Bogale,MM,16.2833,95.4,89.62,60,76,4.16,broken clouds
245,Itarema,BR,-2.9248,-39.9167,77.72,79,15,17.09,few clouds
246,Makakilo City,US,21.3469,-158.0858,79.12,70,0,13.8,clear sky
247,Kavieng,PG,-2.5744,150.7967,84.94,64,75,8.21,broken clouds
248,Kyabram,AU,-36.3167,145.05,61.88,64,100,8.19,overcast clouds
249,Egvekinot,RU,66.3167,-179.1667,31.64,88,100,14.0,overcast clouds
250,Kajaani,FI,64.2273,27.7285,44.65,100,100,4.61,overcast clouds
251,Hinton,CA,53.4001,-117.5857,44.78,60,33,2.28,scattered clouds
252,Athens,GR,37.9795,23.7162,74.37,58,20,13.0,few clouds
253,Saint-Joseph,RE,-21.3667,55.6167,72.21,63,18,12.93,few clouds
254,Simpang,ID,-1.2667,104.0833,83.39,79,100,2.82,overcast clouds
255,Nahavand,IR,34.1885,48.377,74.21,11,0,1.63,clear sky
256,Srednekolymsk,RU,67.45,153.6833,57.04,37,69,8.21,broken clouds
257,Bathsheba,BB,13.2167,-59.5167,81.21,83,40,9.22,scattered clouds
258,East London,ZA,-33.0153,27.9116,56.34,54,0,12.66,clear sky
259,Moyale,KE,3.5167,39.0584,68.85,58,29,12.28,scattered clouds
260,Sandpoint,US,48.2766,-116.5533,58.01,63,0,1.01,clear sky
261,Tazovskiy,RU,67.4667,78.7,38.41,77,88,15.23,overcast clouds
262,Hovd,MN,48.0056,91.6419,77.02,16,4,5.77,clear sky
263,Te Anau,NZ,-45.4167,167.7167,38.5,87,61,2.04,broken clouds
264,Bonthe,SL,7.5264,-12.505,74.97,94,100,5.75,moderate rain
265,Aleysk,RU,52.4926,82.7822,83.53,14,86,7.05,overcast clouds
266,Xinmin,CN,41.9908,122.8253,65.86,43,19,16.08,few clouds
267,Bria,CF,6.5423,21.9863,70.74,94,77,0.38,broken clouds
268,Meulaboh,ID,4.1363,96.1285,83.93,66,100,5.44,overcast clouds
269,Sao Domingos,BR,-13.3983,-46.3183,68.43,35,60,14.54,broken clouds
270,Cimahi,ID,-6.8722,107.5425,87.71,63,46,6.78,scattered clouds
271,Tautira,PF,-17.7333,-149.15,77.13,80,27,17.92,light rain
272,Ambulu,ID,-8.345,113.6058,85.23,64,39,10.36,scattered clouds
273,Pitsunda,GE,43.1592,40.3378,68.18,63,11,6.46,few clouds
274,Walvis Bay,NA,-22.9575,14.5053,49.08,93,0,8.05,clear sky
275,Seoul,KR,37.5683,126.9778,81.79,50,20,14.97,few clouds
276,Wasilla,US,61.5814,-149.4394,56.35,87,75,8.05,light rain
277,Makat,KZ,47.6469,53.3463,65.34,31,89,15.52,overcast clouds
278,Bintulu,MY,3.1667,113.0333,82.81,83,20,7.0,few clouds
279,Tamala,RU,52.541,43.2515,50.07,66,80,10.11,broken clouds
280,Gat,IL,31.61,34.7642,77.68,100,49,7.36,scattered clouds
281,Namtsy,RU,62.7161,129.6658,59.5,62,85,7.63,overcast clouds
282,Hasanabad,IR,36.5465,61.0543,88.02,25,0,9.22,clear sky
283,Plettenberg Bay,ZA,-34.0527,23.3716,54.99,59,30,7.67,scattered clouds
284,Persianovskiy,RU,47.5137,40.1075,59.56,66,0,6.71,clear sky
285,Pevek,RU,69.7008,170.3133,35.38,96,100,5.75,overcast clouds
286,Cap-Aux-Meules,CA,47.3821,-61.8597,60.82,77,100,12.66,overcast clouds
287,Hamilton,US,39.1834,-84.5333,72.88,95,100,5.75,mist
288,Akureyri,IS,65.6835,-18.0878,39.13,93,100,0.0,mist
289,Praia Da Vitoria,PT,38.7333,-27.0667,74.75,94,40,6.42,scattered clouds
290,Manokwari,ID,-0.8667,134.0833,84.22,66,24,6.98,few clouds
291,Mezhdurechenskiy,RU,59.6,65.9333,49.95,60,70,2.59,broken clouds
292,Ekhabi,RU,53.5102,142.9671,57.65,86,99,12.41,overcast clouds
293,Ormara,PK,25.2088,64.6357,81.72,70,81,8.55,broken clouds
294,Pisco,PE,-13.7,-76.2167,60.85,82,100,2.3,overcast clouds
295,Olafsvik,IS,64.8945,-23.7142,49.59,82,40,5.75,scattered clouds
296,Sainte-Marie,RE,-20.8968,55.5496,73.78,69,40,19.57,scattered clouds
297,Zhigalovo,RU,54.8097,105.1578,53.69,78,99,3.6,overcast clouds
298,Fiche,ET,9.8,38.7333,54.86,79,8,3.89,clear sky
299,Lavrentiya,RU,65.5833,-171.0,43.52,96,100,4.63,overcast clouds
300,Wexford,IE,52.3342,-6.4575,61.9,94,86,10.0,overcast clouds
301,Praya,CV,14.9215,-23.5087,77.54,94,75,3.44,broken clouds
302,Geraldton,AU,-28.7667,114.6,68.41,52,75,20.71,broken clouds
303,Namangan,UZ,40.9983,71.6726,84.65,32,4,2.3,clear sky
304,Tondano,ID,1.3038,124.9112,73.49,72,98,1.57,overcast clouds
305,Kazachinskoye,RU,57.6953,93.2761,47.73,96,100,7.49,light rain
306,Plavinas,LV,56.6178,25.7255,48.09,65,6,2.35,clear sky
307,Prince Albert,CA,53.2001,-105.7677,58.95,63,20,14.97,few clouds
308,Tura,IN,25.5198,90.2201,81.73,87,79,2.15,broken clouds
309,Caceres,ES,39.522,-6.3748,59.7,93,17,3.27,few clouds
310,Usinsk,RU,65.9939,57.5281,42.93,94,100,12.28,light rain
311,Ruy Barbosa,BR,-12.2839,-40.4939,59.99,94,9,2.24,clear sky
312,Kenai,US,60.5544,-151.2583,53.69,93,100,5.75,light rain
313,Zanesville,US,39.9404,-82.0132,70.39,94,100,4.61,overcast clouds
314,Dongsheng,CN,39.8161,109.9776,69.04,17,0,15.86,clear sky
315,Tilichiki,RU,60.4667,166.1,48.7,52,64,12.84,broken clouds
316,Nyurba,RU,63.2842,118.3319,48.07,79,100,8.48,overcast clouds
317,Lompoc,US,34.6391,-120.4579,83.79,65,0,3.44,clear sky
318,Englewood,US,39.6478,-104.9878,78.57,32,20,12.66,few clouds
319,Sabha,LY,27.0377,14.4283,83.07,35,0,5.19,clear sky
320,Northam,GB,51.0333,-4.2167,59.4,95,71,14.45,broken clouds
321,Jinka,ET,5.65,36.65,68.99,73,64,2.3,light rain
322,Paraiso,CR,9.8383,-83.8656,64.89,100,100,1.5,overcast clouds
323,Panzhihua,CN,26.5851,101.7128,71.31,61,100,1.54,overcast clouds
324,Ustyuzhna,RU,58.8394,36.4321,45.93,70,100,8.77,overcast clouds
325,Gorom-Gorom,BF,14.4439,-0.2361,82.6,67,53,11.5,broken clouds
326,Juneau,US,58.3019,-134.4197,52.21,97,100,5.75,light rain
327,Kilingi-Nomme,EE,58.1503,24.9642,44.01,67,5,3.36,clear sky
328,Plouzane,FR,48.3833,-4.6167,62.78,88,75,12.66,light rain
329,Ishigaki,JP,24.3448,124.1572,89.73,79,75,12.66,broken clouds
330,Liverpool,GB,53.4106,-2.9779,60.15,93,40,9.22,scattered clouds
331,Leningradskiy,RU,69.3833,178.4167,32.54,90,100,13.4,overcast clouds
332,Tulsipur,NP,28.131,82.2973,88.05,52,24,4.59,few clouds
333,Klyuchi,RU,52.2667,79.1667,89.15,16,90,13.06,overcast clouds
334,Husavik,IS,66.0449,-17.3389,50.25,85,100,0.31,overcast clouds
335,Katsuura,JP,35.1333,140.3,83.52,73,57,13.24,broken clouds
336,Langenburg,DE,49.2544,9.8458,61.7,82,0,4.61,clear sky
337,Naryan-Mar,RU,67.6713,53.087,43.11,94,100,4.74,light rain
338,Charters Towers,AU,-20.1,146.2667,74.52,51,85,14.56,overcast clouds
339,Brae,GB,60.3964,-1.353,58.15,90,83,19.66,broken clouds
340,Kondinskoye,RU,59.6481,67.41,51.37,56,39,2.98,scattered clouds
341,Luwuk,ID,-0.9516,122.7875,75.83,95,100,6.42,light rain
342,Okha,RU,53.5739,142.9478,57.2,88,99,12.59,overcast clouds
343,Tadepallegudem,IN,16.8333,81.5,91.74,57,32,1.28,scattered clouds
344,Aurillac,FR,44.9167,2.45,58.69,94,0,8.05,clear sky
345,Katobu,ID,-4.9408,122.5276,82.96,62,100,5.91,overcast clouds
346,Basoko,CD,1.2391,23.616,75.79,81,4,2.71,clear sky
347,Parana,AR,-31.732,-60.5238,53.51,73,0,6.26,clear sky
348,Dongning,CN,44.0622,131.1207,60.03,99,100,4.52,light rain
349,Belle Fourche,US,44.6714,-103.8522,77.54,23,56,4.45,broken clouds
350,Bayir,TR,37.2687,28.2167,73.92,53,0,6.11,clear sky
351,Poum,NC,-20.2333,164.0167,69.26,81,100,14.36,overcast clouds
352,La Palma,US,33.8464,-118.0467,92.71,82,0,6.91,clear sky
353,Itoman,JP,26.1247,127.6694,83.17,89,75,10.36,broken clouds
354,Milkovo,RU,54.7167,158.6167,65.5,55,15,3.44,few clouds
355,Bloomingdale,US,27.8936,-82.2404,82.99,91,0,3.44,clear sky
356,Khandyga,RU,62.6667,135.6,62.04,55,94,8.84,overcast clouds
357,Fairbanks,US,64.8378,-147.7164,53.56,81,40,0.0,scattered clouds
358,Lodingen,NO,68.414,15.9951,48.34,88,100,5.57,overcast clouds
359,Ayacucho,PE,-13.1583,-74.2239,52.63,75,42,3.89,scattered clouds
360,Valparaiso,CL,-33.0393,-71.6273,54.0,100,3,1.5,clear sky
361,Qui Nhon,VN,13.7667,109.2333,85.03,70,96,3.8,overcast clouds
362,Kashi,CN,39.4547,75.9797,83.41,17,0,8.95,clear sky
363,Nichinan,JP,31.6,131.3667,83.88,70,100,14.16,overcast clouds
364,Mandalgovi,MN,45.7625,106.2708,72.45,26,1,12.3,clear sky
365,Taraza,CO,7.5836,-75.4007,74.62,93,95,2.86,overcast clouds
366,Konevo,RU,62.1215,39.3192,47.84,88,100,5.93,light rain
367,Oktyabrskoye,RU,43.0645,44.7417,51.94,93,100,0.0,light rain
368,Nizhniy Odes,RU,63.6445,54.856,47.17,73,100,6.35,overcast clouds
369,Coihaique,CL,-45.5752,-72.0662,41.61,100,100,0.0,light rain
370,Ergani,TR,38.2653,39.7621,77.36,39,0,11.27,clear sky
371,Lardos,GR,36.0942,28.0157,83.95,58,0,5.32,clear sky
372,Oussouye,SN,12.485,-16.5469,78.89,87,99,5.66,overcast clouds
373,Shevchenko,UA,48.5,35.0,55.11,51,12,9.28,few clouds
374,Seminole,US,28.7086,-81.2081,82.98,90,0,4.61,clear sky
375,Lakefield,US,43.6775,-95.1717,63.79,90,0,10.36,clear sky
376,Dawson,US,31.7735,-84.4466,74.62,84,100,6.17,overcast clouds
377,Atlantic City,US,39.3643,-74.4229,75.99,85,0,10.0,clear sky
378,Uige,AO,-7.6087,15.0613,68.67,83,48,1.66,scattered clouds
379,Lazaro Cardenas,MX,17.9583,-102.2,78.75,86,100,8.52,overcast clouds
380,Sept-Iles,CA,50.2001,-66.3821,48.2,90,0,3.44,clear sky
381,Laguna,US,38.421,-121.4238,93.34,31,0,6.91,clear sky
382,Honiara,SB,-9.4333,159.95,83.59,75,50,4.72,scattered clouds
383,Komsomolskiy,UZ,40.4272,71.7189,84.92,21,0,4.61,clear sky
384,Pitea,SE,65.3172,21.4794,48.29,66,100,6.8,overcast clouds
385,Gondanglegi,ID,-7.7479,112.0132,90.3,50,28,11.54,scattered clouds
386,Dingle,PH,10.9995,122.6711,84.07,77,100,9.1,light rain
387,Ancud,CL,-41.8697,-73.8203,49.23,78,100,14.47,overcast clouds
388,Oranjestad,AW,12.524,-70.027,84.15,84,20,12.66,few clouds
389,Kelo,TD,9.3086,15.8066,71.87,94,48,4.21,scattered clouds
390,Narsaq,GL,60.9167,-46.05,44.82,90,100,3.09,overcast clouds
391,Pishva,IR,35.308,51.7267,87.13,13,0,12.12,clear sky
392,Lobatse,BW,-25.2167,25.6667,60.15,22,98,8.5,overcast clouds
393,Kumluca,TR,36.3703,30.2869,84.69,52,0,3.22,clear sky
394,Nicoya,CR,10.1483,-85.452,73.49,92,97,1.39,overcast clouds
395,Shelburne,CA,44.0787,-80.2041,58.3,86,95,5.99,overcast clouds
396,Haines Junction,CA,60.7522,-137.5108,46.35,71,85,2.3,overcast clouds
397,Gravelbourg,CA,49.8834,-106.5512,59.27,40,4,8.77,clear sky
398,Dali,CN,25.7,100.1833,64.54,71,99,4.56,overcast clouds
399,Port Macquarie,AU,-31.4333,152.9167,62.89,63,48,8.93,scattered clouds
400,Isangel,VU,-19.55,169.2667,71.06,90,100,12.26,light rain
401,Opuwo,NA,-18.0607,13.84,67.06,22,0,3.09,clear sky
402,Saint George,US,37.1041,-113.5841,94.95,21,0,4.61,clear sky
403,Samarai,PG,-10.6167,150.6667,82.71,74,1,11.32,clear sky
404,Erzin,TR,36.9559,36.2,80.89,71,30,4.5,scattered clouds
405,Barabai,ID,-2.5833,115.3833,88.07,56,100,2.91,overcast clouds
406,Pasighat,IN,28.0667,95.3333,75.9,98,100,0.69,light rain
407,Los Llanos De Aridane,ES,28.6585,-17.9182,67.75,75,75,9.22,broken clouds
408,Evensk,RU,61.95,159.2333,49.15,63,14,10.38,few clouds
409,Amudat,UG,1.95,34.95,72.07,68,61,0.49,light rain
410,Anadyr,RU,64.75,177.4833,43.3,86,75,15.66,broken clouds
411,Kasongo,CD,-4.45,26.6667,77.63,59,4,3.04,clear sky
412,Banjar,ID,-8.19,114.9675,84.09,75,68,1.1,broken clouds
413,Balikpapan,ID,-1.2675,116.8289,85.19,79,20,9.22,few clouds
414,Abha,SA,18.2164,42.5053,71.85,38,0,0.0,clear sky
415,Savinka,RU,50.0785,47.0994,59.97,35,86,9.73,overcast clouds
416,Pyapon,MM,16.2833,95.6833,88.74,63,71,7.34,light rain
417,Valentin Gomez Farias,MX,28.2167,-106.5833,62.56,80,27,4.09,scattered clouds
418,Baherden,TM,38.4362,57.4316,92.89,15,0,5.95,clear sky
419,Mae Hong Son,TH,19.3003,97.9685,91.54,58,75,3.44,broken clouds
420,Tahoua,NE,14.8888,5.2692,80.78,70,99,19.01,overcast clouds
421,Kimbe,PG,-5.5502,150.1429,87.58,56,56,4.07,broken clouds
422,Mackay,AU,-21.15,149.2,72.68,66,6,13.94,clear sky
423,Salta,AR,-24.7859,-65.4117,48.58,45,0,4.61,clear sky
424,Grand Gaube,MU,-20.0064,57.6608,73.38,63,4,13.0,clear sky
425,Juegang,CN,32.3174,121.1855,83.23,63,8,2.91,clear sky
426,Secovce,SK,48.7007,21.661,61.99,52,76,4.12,broken clouds
427,Penzance,GB,50.1186,-5.5371,61.48,85,97,25.28,overcast clouds
428,Rafai,CF,4.95,23.9167,70.99,94,64,0.87,broken clouds
429,Santa Lucia,ES,27.9117,-15.5407,65.52,78,40,14.97,scattered clouds
430,Obuasi,GH,6.206,-1.6619,69.8,99,89,1.48,overcast clouds
431,Port Blair,IN,11.6667,92.75,75.24,100,100,11.5,light rain
432,Acapulco,MX,16.8634,-99.8901,76.82,88,100,6.91,overcast clouds
433,Lethem,GY,3.3803,-59.7968,75.63,84,90,3.42,overcast clouds
434,Martapura,ID,-3.4167,114.85,87.89,58,40,5.75,scattered clouds
435,Channel-Port Aux Basques,CA,47.5702,-59.1367,61.14,82,100,8.48,overcast clouds
436,Canon City,US,38.441,-105.2424,73.27,35,0,10.36,clear sky
437,Wanning,CN,18.8003,110.3967,88.5,53,52,6.08,broken clouds
438,Jasper,US,37.2001,-94.3502,69.85,89,0,3.44,clear sky
439,Cherskiy,RU,68.75,161.3,46.71,57,99,9.17,overcast clouds
440,Taywarah,AF,33.35,64.4167,68.52,8,0,6.6,clear sky
441,Kalianget,ID,-7.05,113.9333,84.76,64,50,8.16,scattered clouds
442,Caledon,ZA,-34.23,19.4265,46.06,79,15,3.22,few clouds
443,Buala,SB,-8.145,159.5921,84.43,66,50,5.84,scattered clouds
444,Neryungri,RU,56.6709,124.6491,53.11,88,96,6.58,overcast clouds
445,Bowen,AU,-20.0167,148.2333,71.73,62,24,18.19,few clouds
446,Marianske Lazne,CZ,49.9646,12.7012,57.33,92,51,2.86,broken clouds
447,Morondava,MG,-20.2833,44.2833,77.0,46,0,2.51,clear sky
448,Nizwa,OM,22.9333,57.5333,91.63,33,3,4.12,clear sky
449,Adrar,MR,20.5022,-10.0711,90.32,28,76,10.67,broken clouds
450,Boueni,YT,-12.9025,45.0761,76.98,69,17,5.7,few clouds
451,Sucre,BO,-19.0333,-65.2627,45.05,59,88,2.1,overcast clouds
452,Kodinsk,RU,58.6881,99.1844,49.95,83,87,7.65,light rain
453,Thiadiaye,SN,14.4205,-16.7056,76.01,86,100,7.11,overcast clouds
454,Ust-Kulom,RU,61.6864,53.6902,43.09,91,100,3.51,overcast clouds
455,Delmas,HT,18.5447,-72.3028,77.72,89,99,5.75,overcast clouds
456,Nemuro,JP,43.3236,145.575,67.05,87,53,16.93,light rain
457,Moose Factory,CA,51.2585,-80.6094,57.18,67,0,5.75,clear sky
458,Abu Dhabi,AE,24.4667,54.3667,95.02,38,0,9.22,clear sky
459,Cockburn Town,TC,21.4612,-71.1419,82.76,75,41,10.0,scattered clouds
460,Nishihara,JP,26.1842,127.7558,82.45,89,100,10.36,light intensity shower rain
461,Margate,GB,51.3813,1.3862,67.89,93,70,4.0,broken clouds
462,Coahuayana,MX,18.7333,-103.6833,75.09,95,100,4.81,overcast clouds
463,Honningsvag,NO,70.9821,25.9704,44.35,81,100,13.8,light intensity drizzle
464,Romuli,RO,47.5333,24.4333,55.56,73,12,1.16,few clouds
465,Pavlogradka,RU,54.2024,73.5592,65.73,49,100,11.16,overcast clouds
466,Lokachi,UA,50.737,24.6494,41.76,60,7,7.9,clear sky
467,Batouri,CM,4.4333,14.3667,67.21,99,64,2.42,broken clouds
468,Cape Coral,US,26.5629,-81.9495,83.05,88,20,4.61,few clouds
469,Coruripe,BR,-10.1256,-36.1756,71.38,88,39,9.69,scattered clouds
470,Orzhytsya,UA,49.7918,32.7012,52.11,54,7,9.19,clear sky
471,Aguimes,ES,27.9054,-15.4461,70.43,78,40,15.01,scattered clouds
472,Alexandria,EG,31.2156,29.9553,79.34,67,0,15.32,clear sky
473,Feira De Santana,BR,-12.2667,-38.9667,63.64,97,60,3.65,broken clouds
474,Leshukonskoye,RU,64.8989,45.7622,42.73,94,100,6.22,overcast clouds
475,Isla Mujeres,MX,21.2311,-86.731,80.65,80,1,8.28,clear sky
476,Henties Bay,NA,-22.116,14.2845,54.01,90,0,4.97,clear sky
477,Puerto Escondido,MX,15.85,-97.0667,79.02,75,96,4.05,overcast clouds
478,Beihai,CN,21.4833,109.1,90.84,49,82,5.84,broken clouds
479,Caibarien,CU,22.5206,-79.4669,78.12,85,90,8.61,overcast clouds
480,Saint-Augustin,CA,51.226,-58.6502,49.51,79,87,5.3,overcast clouds
481,Camenca,MD,48.0319,28.6978,57.4,46,3,5.59,clear sky
482,Morros,BR,-9.4467,-46.3003,74.39,41,17,5.97,few clouds
483,Mizdah,LY,31.4451,12.9801,76.44,58,1,5.73,clear sky
484,Mount Gambier,AU,-37.8333,140.7667,58.01,61,100,6.62,overcast clouds
485,Mindif,CM,10.3976,14.4363,72.57,88,85,3.6,overcast clouds
486,Kopayhorod,UA,48.8592,27.7969,53.19,51,1,4.16,clear sky
487,Rawson,AR,-43.3002,-65.1023,61.52,27,100,11.63,overcast clouds
488,Ketchikan,US,55.3422,-131.6461,55.87,94,75,4.61,broken clouds
489,Jepara,ID,-5.1695,105.7044,87.17,61,96,8.79,overcast clouds
490,Labrea,BR,-7.2586,-64.7981,73.81,41,69,3.0,broken clouds
491,Buri,BR,-23.7975,-48.5928,56.25,92,99,9.15,light rain
492,Mehamn,NO,71.0357,27.8492,44.55,70,75,16.11,broken clouds
493,Sagamihara,JP,35.5531,139.3544,88.92,70,40,23.02,scattered clouds
494,Naze,JP,28.3667,129.4833,81.52,84,100,8.63,light rain
495,Abong Mbang,CM,3.9833,13.1833,67.62,99,100,2.26,overcast clouds
496,Pitimbu,BR,-7.4706,-34.8086,72.19,86,55,12.48,broken clouds
497,Vredendal,ZA,-31.6683,18.5012,49.95,72,12,4.05,few clouds
498,Salihli,TR,38.4826,28.1477,64.06,60,0,2.17,clear sky
499,Mbala,ZM,-8.8402,31.3659,71.02,34,0,7.45,clear sky
500,Manali,IN,13.1667,80.2667,91.49,60,66,10.6,broken clouds
501,Marsh Harbour,BS,26.5412,-77.0636,83.43,72,5,6.46,clear sky
502,Chandbali,IN,20.7833,86.7667,93.92,52,81,6.31,broken clouds
503,Mancio Lima,BR,-7.6142,-72.8958,69.87,100,11,0.0,smoke
504,Sorland,NO,67.667,12.6934,49.86,78,100,13.58,overcast clouds
505,Omsukchan,RU,62.5333,155.8,52.72,42,31,4.32,scattered clouds
506,Nenjiang,CN,49.1833,125.2167,66.78,24,84,5.82,broken clouds
507,Namibe,AO,-15.1961,12.1522,62.64,86,31,2.44,scattered clouds
508,Loudeac,FR,48.1783,-2.7543,62.47,94,96,11.59,overcast clouds
509,San Pedro De Macoris,DO,18.4616,-69.2972,75.33,91,100,4.94,overcast clouds
510,Great Yarmouth,GB,52.6083,1.7305,61.41,87,76,8.48,broken clouds
511,Ostrovnoy,RU,68.0531,39.5131,44.91,85,100,17.09,light rain
512,Sinazongwe,ZM,-17.2614,27.4618,74.43,37,5,5.23,clear sky
513,Giyon,ET,8.5333,37.9833,61.97,88,41,4.14,scattered clouds
514,Springdale,US,36.1867,-94.1288,71.51,92,0,4.0,clear sky
515,Hue,VN,16.4667,107.6,93.31,55,75,8.05,broken clouds
516,Lata,PT,40.1629,-8.3327,67.82,95,90,3.27,overcast clouds
517,Pedernales,DO,18.0384,-71.744,81.72,73,96,2.1,overcast clouds
518,Saint-Francois,FR,46.4154,3.9054,62.04,94,0,2.3,clear sky
519,Goundi,TD,9.3627,17.366,72.3,93,77,3.38,broken clouds
520,Port Pirie,AU,-33.1833,138.0167,68.43,30,2,4.85,clear sky
521,Itaituba,BR,-4.2761,-55.9836,80.64,49,76,2.01,broken clouds
522,Tengzhou,CN,35.0771,117.1518,86.76,50,26,11.41,scattered clouds
523,Balykshi,KZ,47.0667,51.8667,62.6,39,0,11.18,clear sky
524,Revyakino,RU,54.3669,37.6589,45.93,79,70,10.42,broken clouds
525,Emirdag,TR,39.0197,31.15,57.2,72,56,5.08,broken clouds
526,Kozhva,RU,65.1073,57.0459,44.62,86,100,5.75,overcast clouds
527,Luang Prabang,LA,19.8856,102.1347,87.76,66,40,2.3,scattered clouds
528,Mumford,GH,5.2618,-0.759,74.17,91,85,6.17,overcast clouds
529,Viet Tri,VN,21.3019,105.4308,93.15,44,51,3.85,broken clouds
530,Mount Isa,AU,-20.7333,139.5,85.77,12,2,5.75,clear sky
531,Daru,PG,-9.0763,143.2092,80.06,84,78,14.36,broken clouds
532,Shebunino,RU,46.4339,141.8603,72.36,83,100,7.18,overcast clouds
533,Tazmalt,DZ,36.3868,4.3989,82.45,44,97,1.45,overcast clouds
534,Ossora,RU,59.2353,163.0719,52.57,53,65,1.36,broken clouds
535,Dickinson,US,29.4608,-95.0513,78.06,91,0,0.0,clear sky
536,Vancouver,CA,49.2497,-123.1193,61.84,81,0,4.0,clear sky
537,Solnechnyy,RU,50.7214,136.6319,52.88,97,100,5.53,moderate rain
538,Tiznit,MA,29.5833,-9.5,68.47,60,18,0.92,few clouds
539,Arlit,NE,18.7369,7.3853,90.05,23,68,5.99,broken clouds
540,Edea,CM,3.8,10.1333,73.63,96,98,1.1,overcast clouds
541,Sharan,RU,54.8167,54.0,52.95,48,100,6.4,overcast clouds
542,Irbit,RU,57.6705,63.071,48.27,71,100,3.09,overcast clouds
543,Ayan,RU,56.45,138.1667,52.66,84,100,12.1,overcast clouds
544,Bakchar,RU,57.0186,82.0711,50.63,89,100,3.33,overcast clouds
545,Sinnamary,GF,5.3833,-52.95,77.67,87,81,11.9,broken clouds
546,Mogadishu,SO,2.0371,45.3438,78.67,73,40,20.71,scattered clouds
547,Chicama,PE,-7.8447,-79.1469,57.74,85,22,3.69,few clouds
548,Reconquista,AR,-29.15,-59.65,50.47,81,4,4.41,clear sky
549,Antalaha,MG,-14.9003,50.2788,72.37,85,57,11.23,light rain
550,Inuvik,CA,68.3499,-133.7218,38.26,87,100,8.05,overcast clouds
551,Codrington,AU,-38.2667,141.9667,58.42,69,100,9.4,overcast clouds
552,Tabuk,PH,17.4189,121.4443,84.22,76,100,1.54,overcast clouds
553,Pincher Creek,CA,49.4833,-113.952,63.05,39,0,11.5,clear sky
554,Jiazi,CN,22.8779,116.067,86.63,66,100,8.95,overcast clouds
555,Gladstone,AU,-23.85,151.25,71.53,46,61,14.97,broken clouds
556,Camana,PE,-16.6228,-72.7111,59.86,80,39,7.4,scattered clouds
557,Perth,AU,-31.9333,115.8333,62.78,65,20,10.36,few clouds
558,Burnie,AU,-41.0667,145.9167,55.92,56,23,4.88,few clouds
559,Deer Lake,CA,49.1667,-57.4316,53.46,87,100,5.75,overcast clouds
560,Barcelos,PT,41.5388,-8.6151,66.85,97,31,3.91,scattered clouds
561,Guasdualito,VE,7.2424,-70.7324,70.07,94,94,3.44,overcast clouds
562,Yinchuan,CN,38.4681,106.2731,81.99,11,0,2.95,clear sky
563,Itacare,BR,-14.2775,-38.9967,69.26,84,50,7.78,scattered clouds
564,Oranjemund,NA,-28.55,16.4333,54.07,58,0,8.03,clear sky
565,Arvika,SE,59.6553,12.5852,41.61,78,74,1.66,broken clouds
566,Lewistown,US,40.5992,-77.5714,72.25,100,100,0.0,light rain
567,Elat,IL,29.5581,34.9482,83.82,47,0,9.57,clear sky
568,Hambantota,LK,6.1241,81.1185,84.54,74,40,13.8,scattered clouds
569,Sekoma,BW,-24.4,23.8833,59.04,26,89,12.8,overcast clouds
570,Batagay-Alyta,RU,67.8006,130.4114,51.6,48,73,9.73,broken clouds
571,Raudeberg,NO,61.9875,5.1352,56.07,64,28,6.15,scattered clouds
572,Formiga,BR,-20.4644,-45.4264,58.73,82,26,4.94,scattered clouds
573,Peleduy,RU,59.6289,112.7406,53.24,58,80,10.22,broken clouds
574,Buritis,BR,-15.6178,-46.4233,67.73,68,51,5.53,broken clouds
575,Mahibadhoo,MV,3.7833,72.9667,80.65,81,100,16.78,overcast clouds
576,Port Antonio,JM,18.18,-76.4612,84.11,84,16,3.36,few clouds
577,Mattru,SL,7.6244,-11.8332,73.0,99,100,1.45,light rain
578,Tongchuan,CN,35.0806,109.0897,84.27,28,0,5.61,clear sky
579,Sangmelima,CM,2.9333,11.9833,67.51,97,94,2.57,overcast clouds
580,Dauphin,CA,51.1494,-100.0502,73.54,60,0,13.8,clear sky
581,Hualmay,PE,-11.0964,-77.6139,59.22,86,22,6.98,few clouds
582,Belaya Gora,RU,68.5333,146.4167,61.14,29,40,10.09,scattered clouds
583,Motygino,RU,58.1831,94.7592,45.32,97,100,3.53,moderate rain
584,Cayenne,GF,4.9333,-52.3333,77.04,94,100,1.14,overcast clouds
585,Albanel,CA,48.8832,-72.4487,46.54,93,1,4.61,clear sky
586,Perigueux,FR,45.1833,0.7167,64.96,98,22,3.44,few clouds
587,Dubti,ET,11.7361,41.0853,92.19,41,57,6.04,broken clouds
588,San Jeronimo,PE,-11.9472,-75.2829,47.17,69,49,5.66,scattered clouds
589,Zalantun,CN,48.0,122.7167,56.93,65,100,8.81,overcast clouds
590,Porto Novo,BJ,6.4965,2.6036,75.02,93,57,4.43,broken clouds
591,Svetlaya,RU,46.5389,138.3297,61.36,98,100,11.59,heavy intensity rain
592,Dom Pedrito,BR,-30.9828,-54.6731,50.23,95,94,5.14,overcast clouds
593,Mecca,SA,21.4267,39.8261,89.56,46,25,3.56,scattered clouds
594,Nueva Guinea,NI,11.6876,-84.4562,72.16,95,99,2.77,overcast clouds
595,Mana,GF,5.6592,-53.7767,76.77,89,90,10.49,overcast clouds
596,Parabel,RU,58.6978,81.4825,55.04,54,24,3.96,few clouds
597,Wakkanai,JP,45.4094,141.6739,80.58,78,75,8.05,broken clouds
598,Conde,BR,-7.2597,-34.9075,71.06,100,75,8.05,broken clouds
599,Pietarsaari,FI,63.65,22.6833,52.9,67,100,8.39,overcast clouds
600,Fort Nelson,CA,58.8053,-122.7002,49.59,81,75,8.05,broken clouds
601,Freetown,SL,8.484,-13.2299,74.91,88,75,4.61,light rain
602,Yar-Sale,RU,66.8333,70.8333,41.9,92,100,2.19,light rain
603,Fortuna,US,40.5982,-124.1573,57.65,100,4,2.8,clear sky
604,Alihe,CN,50.5667,123.7167,61.21,40,65,2.53,broken clouds
605,Tarakan,ID,3.3,117.6333,81.9,74,75,4.61,light rain
606,Fallon,US,39.4735,-118.7774,88.92,25,0,6.91,clear sky
607,Tateyama,JP,34.9833,139.8667,86.09,74,66,13.33,broken clouds
608,Xam Nua,LA,20.4197,104.0439,84.94,41,52,6.62,broken clouds
609,Celestun,MX,20.8667,-90.4,79.54,80,27,12.12,scattered clouds
610,Trofors,NO,65.5333,13.4063,33.67,81,93,3.06,overcast clouds
611,Atambua,ID,-9.1061,124.8925,84.09,51,85,3.13,overcast clouds
612,Trelew,AR,-43.249,-65.3051,62.74,22,100,11.01,overcast clouds
613,Moree,AU,-29.4667,149.85,64.22,55,73,5.79,broken clouds
614,Bodh Gaya,IN,24.7,84.9833,89.49,74,40,0.0,haze
615,Paamiut,GL,61.994,-49.6678,39.49,92,100,10.92,overcast clouds
616,San Borja,BO,-14.8167,-66.85,72.09,40,94,2.95,overcast clouds
617,Norrtalje,SE,59.758,18.705,56.01,72,21,7.61,few clouds
618,Kurilsk,RU,45.2333,147.8833,63.66,83,87,13.35,overcast clouds
619,Mbaiki,CF,3.8678,17.9892,70.68,96,70,1.41,broken clouds
620,Xichang,CN,27.8964,102.2634,66.36,60,99,1.92,overcast clouds
621,Cap Malheureux,MU,-19.9842,57.6142,74.46,60,5,13.0,clear sky
622,Bullhead City,US,35.1478,-114.5683,101.62,25,0,5.99,clear sky
623,Gigmoto,PH,13.7796,124.39,87.04,68,30,7.14,scattered clouds
624,Manggar,ID,-2.8833,108.2667,83.77,71,100,10.83,overcast clouds
625,Tadine,NC,-21.55,167.8833,66.83,79,100,8.01,overcast clouds
626,Bolobo,CD,-2.1667,16.2333,74.25,78,14,0.29,few clouds
627,Sayyan,YE,15.1718,44.3244,72.64,24,39,7.11,scattered clouds
628,A Coruna,ES,43.3713,-8.396,65.12,84,20,8.05,few clouds
629,Yeppoon,AU,-23.1333,150.7333,73.18,60,62,12.86,broken clouds
630,Carauari,BR,-4.8828,-66.8958,71.73,66,83,1.21,broken clouds
631,Polewali,ID,-3.4324,119.3435,84.61,68,91,4.76,moderate rain
632,Muroto,JP,33.2833,134.15,82.2,90,100,22.21,light rain
633,Champerico,GT,14.3,-91.9167,76.62,89,100,10.13,overcast clouds
634,Boende,CD,-0.2167,20.8667,74.64,86,2,1.45,clear sky
635,Vanavara,RU,60.34,102.2797,50.23,66,90,10.18,light rain
636,Salalah,OM,17.0151,54.0924,77.09,100,100,8.05,light intensity drizzle
637,Agirish,RU,61.9247,63.0231,47.98,57,90,6.49,overcast clouds
638,Umm Lajj,SA,25.0213,37.2685,87.4,67,0,7.78,clear sky
639,Cam Ranh,VN,11.9214,109.1591,82.36,78,40,5.75,moderate rain
640,Saint-Pierre,RE,-21.3393,55.4781,74.88,61,0,26.46,clear sky
641,Mombetsu,JP,44.3525,143.3525,82.42,65,75,14.97,broken clouds
642,Melilla,ES,35.2937,-2.9383,77.38,47,20,8.05,few clouds
643,Gazli,UZ,40.1333,63.45,95.7,10,0,6.38,clear sky
644,Antofagasta,CL,-23.65,-70.4,54.68,66,32,3.09,scattered clouds
645,Puerto Carreno,CO,6.189,-67.4859,73.36,94,69,4.97,light rain
646,Alofi,NU,-19.0595,-169.9187,76.89,83,7,8.05,clear sky
647,Orange,US,33.7,-117.7675,91.38,78,0,5.75,clear sky
648,Inhambane,MZ,-23.865,35.3833,72.09,75,3,4.27,clear sky
649,Borba,BR,-4.3878,-59.5939,77.22,57,68,2.04,moderate rain
650,Barranca,PE,-10.75,-77.7667,58.75,89,38,5.79,scattered clouds
651,Alta Floresta,BR,-9.8756,-56.0861,78.22,36,63,3.33,broken clouds
652,Tres Arroyos,AR,-38.3739,-60.2798,54.99,36,4,15.23,clear sky
653,Chino Valley,US,34.7575,-112.4538,81.84,39,0,8.05,clear sky
654,Mapastepec,MX,15.4333,-92.9,76.62,88,96,3.47,overcast clouds
655,Merauke,ID,-8.4667,140.3333,82.04,78,97,14.12,overcast clouds
656,Ayorou,NE,14.7308,0.9174,84.22,63,76,10.87,broken clouds
657,Namwala,ZM,-15.7504,26.4384,71.65,27,26,5.53,scattered clouds
658,San Andres,CO,12.5847,-81.7006,78.82,100,40,4.61,scattered clouds
659,Zelenets,RU,61.8849,50.7489,46.65,88,100,3.83,overcast clouds
660,Waingapu,ID,-9.6567,120.2641,84.36,64,93,13.09,overcast clouds
661,Methoni,GR,36.8197,21.7049,76.21,49,5,4.09,clear sky
662,Ciudad Bolivar,VE,8.1222,-63.5497,76.71,90,100,3.62,overcast clouds
663,Flinders,AU,-34.5833,150.8552,62.19,68,89,4.0,overcast clouds
664,Ust-Ilimsk,RU,58.0006,102.6619,54.79,49,81,8.57,broken clouds
665,Kandi,BJ,11.1342,2.9386,70.97,98,72,4.29,light rain
666,Goose Creek,US,32.981,-80.0326,81.9,96,40,4.61,scattered clouds
667,Vidalia,US,32.2177,-82.4135,77.11,88,0,0.0,clear sky
668,Richmond,US,37.5538,-77.4603,77.29,83,100,8.05,overcast clouds
669,Zambezi,ZM,-13.5432,23.1047,72.7,21,1,7.99,clear sky
670,Nago,JP,26.5881,127.9761,83.25,79,100,8.3,light rain
671,Ejido,VE,8.5514,-71.2375,64.58,83,78,6.46,broken clouds
672,Tezu,IN,27.9167,96.1667,74.57,99,100,2.48,overcast clouds
673,Kurumkan,RU,54.3,110.3,64.22,40,51,3.6,broken clouds
674,Filadelfia,US,39.9523,-75.1638,76.15,86,100,5.75,overcast clouds
675,Port Hedland,AU,-20.3167,118.5667,82.45,26,0,14.97,clear sky
676,Normal,US,40.5142,-88.9906,67.78,92,100,7.0,overcast clouds
677,Kiruna,SE,67.8557,20.2251,43.72,76,75,6.91,broken clouds
678,Kedrovyy,RU,56.1667,91.8167,54.01,96,100,9.98,light rain
679,Talavera,PH,15.6167,120.9333,86.99,72,100,5.12,moderate rain
